{
    "loss": 87.41100311279297,
    "accuracy": 0.6111111044883728
}