{
    "loss": 2.1859652996063232,
    "accuracy": 0.9444444179534912
}