{
    "loss": 10.467639923095703,
    "accuracy": 0.7916666865348816
}