{
    "loss": 5.611893653869629,
    "accuracy": 0.8333333134651184
}